{
  "M001": {
    "x": -8.046292553398068,
    "z": -5.747779302665483
  }
}