{
  "M001": {
    "x": -5.649088904291818,
    "z": -4.1451031847259
  }
}