{
  "M001": {
    "x": 3.5875066769704103,
    "z": 6.67150334241432
  },
  "M010": {
    "x": -10.311805422810563,
    "z": -3.3098322684246817
  },
  "M006": {
    "x": 7.787750798821907,
    "z": -2.2289926564947002
  },
  "M011": {
    "x": -7.693626274995004,
    "z": -3.4276783776511053
  },
  "M019": {
    "x": -8.602038690464397,
    "z": 1.40616038453199
  },
  "M015": {
    "x": 8.128068597601041,
    "z": 1.646518041574339
  }
}