{
  "M001": {
    "x": -13.820798978586788,
    "z": -8.555735415764786
  }
}